Workbook

Sheet Sheet1
A1: Everything for 2020
B2: Emissions | G2: Mt | H2: % | I2: Emissions
A3: Ammonia | B3: 450 | C3: Mt | F3: Refining | G3: 37.9 | H3: =G3/$G$7*100 -> 42.632171 | I3: =H3*$G$10/100 -> 456.59055 | K3: =I3 -> 456.59055 | L3: emissions other than ammonia and methanol
A4: Methanol | B4: 182 | C4: Mt | F4: Ammonia | G4: 33 | H4: =G4/$G$7*100 -> 37.12036 | I4: =H4*$G$10/100 -> 397.55906 | K4: =(B3+B4+K3)/B6*100 -> 53.050222 | L4: %
A5: Plastics | B5: 1420 | C5: Mt | F5: Methanol | G5: 13.5 | H5: =G5/$G$7*100 -> 15.185602 | I5: =H5*$G$10/100 -> 162.6378
B6: =B3+B4+B5 -> 2052 | C6: Mt | F6: Iron and steel | G6: 4.5 | H6: =G6/$G$7*100 -> 5.0618673 | I6: =H6*$G$10/100 -> 54.212598
G7: =SUM(G3:G6) -> 88.9
F10: Total emissions | G10: 1071 | H10: Mt
J13: =B6-K3 -> 1595.4094
A14: Chemicals source: | B14: https://doi.org/10.1016/j.oneear.2023.05.006
A15: Hydrogen source: | B15: https://www.iea.org/energy-system/low-emission-fuels/hydrogen

Sheet Waterfall final data
A1: =Sheet1!B6 -> 2052 | B1: =A1+Sheet1!K3 -> 2508.5906 | C1: =B1+Sheet1!B3 -> 2958.5906 | D1: =C1+Sheet1!B4 -> 3140.5906
A2: =A1 -> 2052 | B2: =-Sheet1!K3 -> -456.59055 | C2: =-Sheet1!B3 -> -450 | D2: =-Sheet1!B4 -> -182
A3: 0 | B3: =A1 -> 2052 | C3: =B3+B2 -> 1595.4094 | D3: =C3+C2 -> 1145.4094
